Fecha,Producto vendido,Cantidad (kg/unidades),Precio unitario ($),Total venta ($),Categoria,Año,Mes,Día
2025-09-24,Asado,10.68,13750.0,146850.0,Carne,2025,9,24
2025-09-24,Vacio,6.42,15900.0,102078.0,Carne,2025,9,24
2025-09-24,Cuadrada,1.155,12750.0,14726.25,Carne,2025,9,24
2025-09-24,Tapa de nalga,1.49,12200.0,18178.0,Carne,2025,9,24
2025-09-24,Tapa de Asado,2.745,11900.0,32665.5,Carne,2025,9,24
2025-09-24,Matambre,1.645,12500.0,20562.5,Carne,2025,9,24
2025-09-24,Bola de lomo,1.89,12750.0,24097.5,Carne,2025,9,24
2025-09-24,Peceto,1.165,17200.0,20038.0,Carne,2025,9,24
2025-09-24,Colita de cuadril,1.155,17600.0,20328.0,Carne,2025,9,24
2025-09-24,Cuadril,3.44,13490.0,46405.6,Carne,2025,9,24
2025-09-24,Paleta,2.56,11750.0,30080.0,Carne,2025,9,24
2025-09-24,Bife de chorizo,1.47,18300.0,26901.0,Carne,2025,9,24
2025-09-24,Lomo,3.625,19900.0,72137.5,Carne,2025,9,24
2025-09-24,Picada Especial,1.99,12100.0,24079.0,Carne,2025,9,24
2025-09-24,Falda Parrillera,1.965,9490.900763,18649.62,Carne,2025,9,24
2025-09-24,Pechito de cerdo,3.635,7200.899587,26175.27,Cerdo,2025,9,24
2025-09-24,Bifes de cerdo,1.25,6900.904,8626.13,Cerdo,2025,9,24
2025-09-24,Matambrito de cerdo,1.59,14890.0,23675.1,Cerdo,2025,9,24
2025-09-24,Chorizo de cerdo,3.24,10500.0,34020.0,Achura,2025,9,24
2025-09-24,Chorizo mixto,0.36,10900.0,3924.0,Achura,2025,9,24
2025-09-24,Morcilla,2.36,9500.898305,22422.12,Achura,2025,9,24
2025-09-24,Chinchulin,6.91,5200.901592,35938.23,Achura,2025,9,24
2025-09-24,Riñon,1.2,4990.9,5989.08,Achura,2025,9,24
2025-09-24,Morcilla Vasca,0.93,12490.0,11615.7,Achura,2025,9,24
2025-09-24,Pollo,15.175,4050.900824,61472.42,Pollo,2025,9,24
2025-09-24,Suprema,1.81,9500.900552,17196.63,Pollo,2025,9,24
2025-09-24,Mila de pollo,2.61,8750.904215,22839.86,Elaborados,2025,9,24
2025-09-24,Mondongo,1.375,6200.901818,8526.24,Achura,2025,9,24
2025-09-24,Pata y Muslo,3.16,4290.898734,13559.24,Pollo,2025,9,24
2025-09-24,Oferta pata y muslo,6.505,3840.900846,24985.06,Pollo,2025,9,24
2025-09-24,Molleja,0.665,20900.0,13898.5,Achura,2025,9,24
2025-09-24,Filet de merluza,0.585,8990.905983,5259.68,Pescado,2025,9,24
2025-09-24,Churrasco de cerdo,1.505,11900.0,17909.5,Cerdo,2025,9,24
2025-09-24,Gen Unitario,10.0,3538.5,35385.0,Almacen,2025,9,24
2025-09-24,Gen Pesable,19.72,9187.65,181180.5,Otros,2025,9,24
2025-09-25,Cuadrada,1.73,13250.0,22922.5,Carne,2025,9,25
2025-09-25,Bola de lomo,2.455,13250.0,32528.75,Carne,2025,9,25
2025-09-25,Nalga,0.235,15500.0,3642.5,Carne,2025,9,25
2025-09-25,Peceto,0.975,17690.0,17247.75,Carne,2025,9,25
2025-09-25,Paleta,0.96,11750.0,11280.0,Carne,2025,9,25
2025-09-25,Roastbeef,1.095,11259.00457,12328.61,Carne,2025,9,25
2025-09-25,Picada Especial,2.06,12100.0,24926.0,Carne,2025,9,25
2025-09-25,Morcilla,0.185,8900.918919,1646.67,Achura,2025,9,25
2025-09-25,Pollo,6.175,3490.900405,21556.31,Pollo,2025,9,25
2025-09-25,Suprema,0.615,9590.894309,5898.4,Pollo,2025,9,25
2025-09-25,Paty Casero,0.52,11900.0,6188.0,Carne,2025,9,25
2025-09-25,Mila Pollo,1.97,8750.898477,17239.27,Elaborados,2025,9,25
2025-09-25,Pata y Muslo,1.53,3750.901961,5738.88,Pollo,2025,9,25
2025-09-25,Ojo de bife,3.76,19300.0,72568.0,Carne,2025,9,25
2025-09-25,Churraco de cerdo,1.855,11900.0,22074.5,Cerdo,2025,9,25
2025-09-25,Gen Unitario,3.0,8316.67,24950.0,Almacen,2025,9,25
2025-09-25,Gen Pesable,6.395,9470.88,60566.25,Otros,2025,9,25
2025-09-26,Asado,8.735,13750.0,120106.25,Carne,2025,9,26
2025-09-26,Vacio,5.8,15900.0,92220.0,Carne,2025,9,26
2025-09-26,Cuadrada,1.7,13250.0,22525.0,Carne,2025,9,26
2025-09-26,Tapa de nalga,1.51,12200.0,18422.0,Carne,2025,9,26
2025-09-26,Nalga,1.8,15500.0,27900.0,Carne,2025,9,26
2025-09-26,Peceto,4.25,17690.0,75182.5,Carne,2025,9,26
2025-09-26,Paleta,2.305,11750.0,27083.75,Carne,2025,9,26
2025-09-26,Bife de chorizo,2.955,18300.0,54076.5,Carne,2025,9,26
2025-09-26,Lomo,1.635,19900.0,32536.5,Carne,2025,9,26
2025-09-26,Bife ancho,2.05,11900.0,24395.0,Carne,2025,9,26
2025-09-26,Picada Especial,3.55,12100.0,42955.0,Carne,2025,9,26
2025-09-26,Matambrito de cerdo,0.665,14890.0,9901.85,Cerdo,2025,9,26
2025-09-26,Chorizo de cerdo,2.465,10500.0,25882.5,Achura,2025,9,26
2025-09-26,Morcilla,4.42,8900.900452,39341.98,Achura,2025,9,26
2025-09-26,Chinchulin,0.79,5490.898734,4337.81,Achura,2025,9,26
2025-09-26,Pollo,5.46,3490.901099,19060.32,Pollo,2025,9,26
2025-09-26,Suprema,5.33,9590.900563,51119.5,Pollo,2025,9,26
2025-09-26,Mila pollo,6.915,8750.899494,60512.47,Elaborados,2025,9,26
2025-09-26,Pata y Muslo,2.115,3750.898345,7933.15,Pollo,2025,9,26
2025-09-26,Higado,9.115,2790.599013,25436.31,Achura,2025,9,26
2025-09-26,Provoleta,0.35,28500.0,9975.0,Embutidos,2025,9,26
2025-09-26,Gen Unitario,6.0,7833.33,47000.0,Almacen,2025,9,26
2025-09-26,Gen Pesable,17.085,5532.75,94527.09,Otros,2025,9,26
2025-09-27,Asado,6.775,13750.0,93156.25,Carne,2025,9,27
2025-09-27,Vacio,2.525,15900.0,40147.5,Carne,2025,9,27
2025-09-27,Cuadrada,4.96,13250.0,65720.0,Carne,2025,9,27
2025-09-27,Tapa de nalga,1.165,12200.0,14213.0,Carne,2025,9,27
2025-09-27,Bola de lomo,2.185,13250.0,28951.25,Carne,2025,9,27
2025-09-27,Nalga,6.56,15500.0,101680.0,Carne,2025,9,27
2025-09-27,Cuadril,1.895,13490.0,25563.55,Carne,2025,9,27
2025-09-27,Paleta,0.535,11750.0,6286.25,Carne,2025,9,27
2025-09-27,Roastbeef,1.065,11259.00469,11990.84,Carne,2025,9,27
2025-09-27,Bife de chorizo,1.62,18300.0,29646.0,Carne,2025,9,27
2025-09-27,Entraña,1.01,20500.0,20705.0,Carne,2025,9,27
2025-09-27,Bife ancho,0.305,11900.0,3629.5,Carne,2025,9,27
2025-09-27,Picada Comun,1.005,9350.905473,9397.66,Carne,2025,9,27
2025-09-27,Falda Parillera,1.725,9490.898551,16371.8,Carne,2025,9,27
2025-09-27,Pechito de cerdo,1.995,7590.902256,15143.85,Cerdo,2025,9,27
2025-09-27,Bondiola,1.26,10169.0,12812.94,Cerdo,2025,9,27
2025-09-27,Matambrito de cerdo,3.77,14890.0,56135.3,Cerdo,2025,9,27
2025-09-27,Chorizo de cerdo,3.415,10500.0,35857.5,Achura,2025,9,27
2025-09-27,Morcilla,2.355,8900.900212,20961.62,Achura,2025,9,27
2025-09-27,Chinchulin,2.095,5490.902148,11503.44,Achura,2025,9,27
2025-09-27,Riñon,1.615,4990.897833,8060.3,Achura,2025,9,27
2025-09-27,Suprema,3.585,9590.900976,34383.38,Pollo,2025,9,27
2025-09-27,Mila pollo,4.245,8750.897527,37147.56,Elaborados,2025,9,27
2025-09-27,Pata y Muslo,4.54,3750.900881,17029.09,Pollo,2025,9,27
2025-09-27,Oferta Pata y muslo,4.54,4485.830396,20365.67,Pollo,2025,9,27
2025-09-27,Ojo de bife,1.03,19300.0,19879.0,Carne,2025,9,27
2025-09-27,Higado,1.66,2790.60241,4632.4,Achura,2025,9,27
2025-09-27,Picaña,1.27,17600.0,22352.0,Carne,2025,9,27
2025-09-27,Bolsa,1.0,60.0,60.0,Almacen,2025,9,27
2025-09-27,Gen Unitario,6.0,15135.0,90810.0,Almacen,2025,9,27
2025-09-27,Gen Pesable,15.69,9664.72,151639.5,Otros,2025,9,27
2025-09-28,Asado,1.435,13750.0,19731.25,Carne,2025,9,28
2025-09-28,Vacio,1.925,15900.0,30607.5,Carne,2025,9,28
2025-09-28,Tapa de nalga,1.385,12200.0,16897.0,Carne,2025,9,28
2025-09-28,Bola de lomo,1.065,13250.0,14111.25,Carne,2025,9,28
2025-09-28,Peceto,1.905,17690.0,33699.45,Carne,2025,9,28
2025-09-28,Paleta,1.955,11750.0,22971.25,Carne,2025,9,28
2025-09-28,Roastbeef,4.505,11259.00111,50721.8,Carne,2025,9,28
2025-09-28,Bife de chorizo,1.9,18300.0,34770.0,Carne,2025,9,28
2025-09-28,Entraña,0.37,20500.0,7585.0,Carne,2025,9,28
2025-09-28,Picada Especial,3.93,12100.0,47553.0,Carne,2025,9,28
2025-09-28,Chorizo de cerdo,0.37,10500.0,3885.0,Achura,2025,9,28
2025-09-28,Morcilla,0.385,8900.909091,3426.85,Achura,2025,9,28
2025-09-28,Salchicha parrillera,1.035,11900.0,12316.5,Achura,2025,9,28
2025-09-28,Chinchulin,0.93,5490.903226,5106.54,Achura,2025,9,28
2025-09-28,Pollo,5.845,3490.899914,20404.31,Pollo,2025,9,28
2025-09-28,Suprema,9.535,9590.899843,91449.23,Pollo,2025,9,28
2025-09-28,Mila pollo,3.35,8750.901493,29315.52,Pollo,2025,9,28
2025-09-28,Pata y Muslo,9.69,3750.898865,36346.21,Pollo,2025,9,28
2025-09-28,Oferta Pata y muslo,2.71,3335.900369,9040.29,Pollo,2025,9,28
2025-09-28,Picaña,0.84,17600.0,14784.0,Carne,2025,9,28
2025-09-28,Filet de Merluza,0.75,8990.906667,6743.18,Pescado,2025,9,28
2025-09-28,Gen Unitario,7.0,4471.43,31300.0,Almacen,2025,9,28
2025-09-28,Gen Pesable,13.59,9774.06,132829.5,Otros,2025,9,28
2025-09-30,Asado,1.38,13750.0,18975.0,Carne,2025,9,30
2025-09-30,Cuadrada,3.905,13490.0,52678.45,Carne,2025,9,30
2025-09-30,Tapa de nalga,3.57,12200.0,43554.0,Carne,2025,9,30
2025-09-30,Tapa de Asado,0.87,12100.0,10527.0,Carne,2025,9,30
2025-09-30,Bola de lomo,1.8,13250.0,23850.0,Carne,2025,9,30
2025-09-30,Nalga,2.315,16290.0,37711.35,Carne,2025,9,30
2025-09-30,Peceto,1.035,17690.0,18309.15,Carne,2025,9,30
2025-09-30,Cuadril,0.38,13690.0,5202.2,Carne,2025,9,30
2025-09-30,Paleta,1.905,11750.0,22383.75,Carne,2025,9,30
2025-09-30,Roastbeef,0.305,11259.01639,3434.0,Carne,2025,9,30
2025-09-30,Bife chorizo,1.92,18300.0,35136.0,Carne,2025,9,30
2025-09-30,Bife angosto,1.555,12390.0,19266.45,Carne,2025,9,30
2025-09-30,Pícada especial,0.485,12100.0,5868.5,Carne,2025,9,30
2025-09-30,Suprema,6.575,9590.898859,63060.16,Pollo,2025,9,30
2025-09-30,Paty casero,1.025,11900.0,12197.5,Carne,2025,9,30
2025-09-30,Mila pollo,5.58,8750.899642,48830.02,Elaborados,2025,9,30
2025-09-30,Filet Rebosado,1.205,9900.904564,11930.59,Pescado,2025,9,30
2025-09-30,Pata y Muslo,0.725,3750.896552,2719.4,Pollo,2025,9,30
2025-09-30,Oferta Pata y muslo,3.92,3335.90051,13076.73,Pollo,2025,9,30
2025-09-30,Bolsa,1.0,60.0,60.0,Almacen,2025,9,30
2025-09-30,Gen Unitario,4.0,9750.0,39000.0,Almacen,2025,9,30
2025-09-30,Gen Pesable,2.869,9102.82,26116.0,Otros,2025,9,30
2025-10-01,Asado,1.62,13750.0,22275.0,Carne,2025,10,1
2025-10-01,Vacio,1.505,15900.0,23929.5,Carne,2025,10,1
2025-10-01,Cuadrada,3.45,13490.0,46540.5,Carne,2025,10,1
2025-10-01,Tapa de asado,1.695,12100.0,20509.5,Carne,2025,10,1
2025-10-01,Bola de lomo,1.885,13250.0,24976.25,Carne,2025,10,1
2025-10-01,Nalga,9.335,16290.0,152067.15,Carne,2025,10,1
2025-10-01,Peceto,1.045,17690.0,18486.05,Carne,2025,10,1
2025-10-01,Cuadril,2.525,13690.0,34567.25,Carne,2025,10,1
2025-10-01,Paleta,1.15,11750.0,13512.5,Carne,2025,10,1
2025-10-01,Roastbeef,5.685,11259.00088,64007.42,Carne,2025,10,1
2025-10-01,Bife de chorizo,0.86,18300.0,15738.0,Carne,2025,10,1
2025-10-01,Bife angosto,1.84,12390.0,22797.6,Carne,2025,10,1
2025-10-01,Picada Especial,2.265,12100.0,27406.5,Carne,2025,10,1
2025-10-01,Pollo,4.155,3490.90012,14504.69,Pollo,2025,10,1
2025-10-01,Suprema,9.17,9590.899673,87948.55,Pollo,2025,10,1
2025-10-01,Mila pollo,4.19,8750.899761,36666.27,Elaborados,2025,10,1
2025-10-01,Mondongo,1.21,6200.900826,7503.09,Achura,2025,10,1
2025-10-01,Pata y Muslo,7.57,3750.899604,28394.31,Pollo,2025,10,1
2025-10-01,Ojo de bife,1.52,19300.0,29336.0,Carne,2025,10,1
2025-10-01,Filet de Merluza,2.045,8990.899756,18386.39,Pescado,2025,10,1
2025-10-01,Pategras,0.85,26300.0,22355.0,Embutidos,2025,10,1
2025-10-01,Gen Unitario,5.0,8200.0,41000.0,Almacen,2025,10,1
2025-10-01,Gen Pesable,1.915,7496.08,14355.0,Otros,2025,10,1
2025-10-02,Cuadrada,1.515,13490.0,20437.35,Carne,2025,10,2
2025-10-02,Nalga,2.62,16290.0,42679.8,Carne,2025,10,2
2025-10-02,Peceto,2.15,17690.0,38033.5,Carne,2025,10,2
2025-10-02,Paleta,3.56,11750.0,41830.0,Carne,2025,10,2
2025-10-02,Roastbeef,2.975,11259.00168,33495.53,Carne,2025,10,2
2025-10-02,Bife Angosto,0.41,12390.0,5079.9,Carne,2025,10,2
2025-10-02,Bife ancho,0.565,11900.0,6723.5,Carne,2025,10,2
2025-10-02,Picada Especial,4.225,12100.0,51122.5,Carne,2025,10,2
2025-10-02,Morcilla,0.58,8900.896552,5162.52,Achura,2025,10,2
2025-10-02,Pollo,2.515,3490.898608,8779.61,Pollo,2025,10,2
2025-10-02,Suprema,4.195,9590.901073,40233.83,Pollo,2025,10,2
2025-10-02,Paty Casero,0.745,11900.0,8865.5,Carne,2025,10,2
2025-10-02,Mila de pollo,4.04,8750.903465,35353.65,Elaborados,2025,10,2
2025-10-02,Pata y Muslo,1.91,3750.900524,7164.22,Pollo,2025,10,2
2025-10-02,Oferta Pata y muslo,6.06,3335.89934,20215.55,Pollo,2025,10,2
2025-10-02,Bolsa,1.0,60.0,60.0,Almacen,2025,10,2
2025-10-02,Gen Unitario,5.0,4400.0,22000.0,Almacen,2025,10,2
2025-10-02,Gen Pesable,19.715,7102.81,140031.99,Otros,2025,10,2
2025-10-03,Asado,1.91,13900.0,26549.0,Carne,2025,10,3
2025-10-03,Vacio,1.18,16250.0,19175.0,Carne,2025,10,3
2025-10-03,Cuadarada,1.455,13490.0,19627.95,Carne,2025,10,3
2025-10-03,Tapa de nalga,3.13,12200.0,38186.0,Carne,2025,10,3
2025-10-03,Bola de lomo,1.035,13250.0,13713.75,Carne,2025,10,3
2025-10-03,Nalga,3.2,16490.0,52768.0,Carne,2025,10,3
2025-10-03,Colita de Cuadril,1.11,17600.0,19536.0,Carne,2025,10,3
2025-10-03,Cuadril,2.605,13690.0,35662.45,Carne,2025,10,3
2025-10-03,Paleta,2.325,11750.0,27318.75,Carne,2025,10,3
2025-10-03,Roastbeef,1.02,11259.0,11484.18,Carne,2025,10,3
2025-10-03,Bife de chorizo,3.16,18300.0,57828.0,Carne,2025,10,3
2025-10-03,Lomo,5.06,19900.0,100694.0,Carne,2025,10,3
2025-10-03,Entraña,0.745,20500.0,15272.5,Carne,2025,10,3
2025-10-03,Bife ancho,0.675,11900.0,8032.5,Carne,2025,10,3
2025-10-03,Pechito de cerdo,1.315,7590.897338,9982.03,Cerdo,2025,10,3
2025-10-03,Bife de cerdo,0.985,7250.903553,7142.14,Cerdo,2025,10,3
2025-10-03,Chorizo de cerdo,2.57,10500.0,26985.0,Achura,2025,10,3
2025-10-03,Chorizo mixto,0.765,10400.0,7956.0,Achura,2025,10,3
2025-10-03,Morcilla,1.52,8900.901316,13529.37,Achura,2025,10,3
2025-10-03,Pollo,2.565,3490.900585,8954.16,Pollo,2025,10,3
2025-10-03,Suprema,1.88,9590.904255,18030.9,Pollo,2025,10,3
2025-10-03,Paty Casero,0.425,11900.0,5057.5,Carne,2025,10,3
2025-10-03,Mila de pollo,4.205,8750.901308,36797.54,Elaborados,2025,10,3
2025-10-03,Pata y Muslo,1.235,3750.898785,4632.36,Pollo,2025,10,3
2025-10-03,Ojo de bife,1.375,19300.0,26537.5,Carne,2025,10,3
2025-10-03,Higado,3.805,2790.60184,10618.24,Achura,2025,10,3
2025-10-03,Bolsa,2.0,60.0,120.0,Almacen,2025,10,3
2025-10-03,Gen Unitario,11.0,9609.09,105700.0,Almacen,2025,10,3
2025-10-03,Gen Pesable,9.785,6761.75,66163.75,Otros,2025,10,3
2025-10-04,Asado,11.36,13900.0,157904.0,Carne,2025,10,4
2025-10-04,Vacio,0.835,16250.0,13568.75,Carne,2025,10,4
2025-10-04,Cuadrada,2.36,13490.0,31836.4,Carne,2025,10,4
2025-10-04,Tapa de asado,1.07,12100.0,12947.0,Carne,2025,10,4
2025-10-04,Matambre ,1.915,12500.0,23937.5,Carne,2025,10,4
2025-10-04,Bola de lomo,1.015,13250.0,13448.75,Carne,2025,10,4
2025-10-04,Nalga,2.6,16490.0,42874.0,Carne,2025,10,4
2025-10-04,Peceto,2.065,17690.0,36529.85,Carne,2025,10,4
2025-10-04,Colita de Cuadril,3.35,17600.0,58960.0,Carne,2025,10,4
2025-10-04,Paleta,0.955,11750.0,11221.25,Carne,2025,10,4
2025-10-04,Asado Americano,2.205,13690.0,30186.45,Carne,2025,10,4
2025-10-04,Lomo,1.515,19900.0,30148.5,Carne,2025,10,4
2025-10-04,Entraña,0.865,20500.0,17732.5,Carne,2025,10,4
2025-10-04,Bife Angosto,0.87,12490.0,10866.3,Carne,2025,10,4
2025-10-04,Picada comun,1.07,9350.906542,10005.47,Carne,2025,10,4
2025-10-04,Pechito de cerdo,2.46,7590.902439,18673.62,Cerdo,2025,10,4
2025-10-04,Matambrito de cerdo,3.705,14890.0,55167.45,Cerdo,2025,10,4
2025-10-04,Chorizo de cerdo,7.55,10500.0,79275.0,Achura,2025,10,4
2025-10-04,Chorizo mixto,0.23,10400.0,2392.0,Achura,2025,10,4
2025-10-04,Morcilla,2.17,8900.898618,19314.95,Achura,2025,10,4
2025-10-04,Salchicha parrillera,0.705,11900.0,8389.5,Achura,2025,10,4
2025-10-04,Chinchulin,3.98,5490.899497,21853.78,Achura,2025,10,4
2025-10-04,Riñon,4.41,4990.900227,22009.87,Achura,2025,10,4
2025-10-04,Suprema,4.525,9590.899448,43398.82,Pollo,2025,10,4
2025-10-04,Paty Casero,0.515,11900.0,6128.5,Pollo,2025,10,4
2025-10-04,Mila de pollo,5.355,8750.900093,46861.07,Elaborados,2025,10,4
2025-10-04,Pata y Muslo,1.0,3750.9,3750.9,Pollo,2025,10,4
2025-10-04,Oferta Pata y muslo,9.095,3335.901045,30340.02,Pollo,2025,10,4
2025-10-04,Ojo de bife,1.4,19300.0,27020.0,Carne,2025,10,4
2025-10-04,Molleja,4.08,20900.0,85272.0,Achura,2025,10,4
2025-10-04,Bolsa,1.0,60.0,60.0,Almacen,2025,10,4
2025-10-04,Pategras,0.98,26300.0,25774.0,Embutidos,2025,10,4
2025-10-04,Gen Unitario,22.0,11443.36,251754.0,Almacen,2025,10,4
2025-10-04,Gen Pesable,13.115,9788.33,128374.0,Otros,2025,10,4
2025-10-05,Asado,7.28,13900.0,101192.0,Carne,2025,10,5
2025-10-05,Vacio,9.545,16250.0,155106.25,Carne,2025,10,5
2025-10-05,Cuadrada,1.88,13490.0,25361.2,Carne,2025,10,5
2025-10-05,Tapa de nalga,1.385,12200.0,16897.0,Carne,2025,10,5
2025-10-05,Tapa de asado,1.015,12100.0,12281.5,Carne,2025,10,5
2025-10-05,Bola de lomo,1.115,13250.0,14773.75,Carne,2025,10,5
2025-10-05,Cuadril,3.2,13690.0,43808.0,Carne,2025,10,5
2025-10-05,Paleta,2.23,11750.0,26202.5,Carne,2025,10,5
2025-10-05,Bife de chorizo,1.475,18300.0,26992.5,Carne,2025,10,5
2025-10-05,Picada Especial,4.02,12100.0,48642.0,Carne,2025,10,5
2025-10-05,Matambrito de cerdo,1.52,14890.0,22632.8,Cerdo,2025,10,5
2025-10-05,Chorizo de cerdo,2.005,10500.0,21052.5,Achura,2025,10,5
2025-10-05,Chorizo mixto,0.45,10400.0,4680.0,Achura,2025,10,5
2025-10-05,Morcilla,2.295,8900.897603,20427.56,Achura,2025,10,5
2025-10-05,Chinchulin,4.035,5490.902107,22155.79,Achura,2025,10,5
2025-10-05,Morcilla vasca,0.35,9900.914286,3465.32,Achura,2025,10,5
2025-10-05,Suprema,0.85,9590.905882,8152.27,Pollo,2025,10,5
2025-10-05,Mila de pollo,1.07,8750.897196,9363.46,Elaborados,2025,10,5
2025-10-05,Pata y Muslo,1.855,3750.90027,6957.92,Pollo,2025,10,5
2025-10-05,Oferta Pata y muslo,6.285,3335.899761,20966.13,Pollo,2025,10,5
2025-10-05,Ojo de bife,0.61,19300.0,11773.0,Carne,2025,10,5
2025-10-05,Molleja,0.3,20900.0,6270.0,Achura,2025,10,5
2025-10-05,Carre sin hueso,1.765,9790.90085,17280.94,Cerdo,2025,10,5
2025-10-05,Picaña,1.12,17600.0,19712.0,Carne,2025,10,5
2025-10-05,Pategras,0.38,26300.0,9994.0,Embutidos,2025,10,5
2025-10-05,Gen Unitario,6.0,9583.33,57500.0,Almacen,2025,10,5
2025-10-05,Gen Pesable,6.14,8721.13,53547.75,Otros,2025,10,5
2025-10-06,Cuadrada,2.29,13490.0,30892.1,Carne,2025,10,6
2025-10-06,Nalga,5.035,16490.0,83027.15,Carne,2025,10,6
2025-10-06,Cuadril,1.135,13690.0,15538.15,Carne,2025,10,6
2025-10-06,Paleta,0.985,11750.0,11573.75,Carne,2025,10,6
2025-10-06,Roastbeef,3.035,11258.99835,34171.06,Carne,2025,10,6
2025-10-06,Bife angosto,0.7,12490.0,8743.0,Carne,2025,10,6
2025-10-06,Picada Especial,1.74,12100.0,21054.0,Carne,2025,10,6
2025-10-06,Osobuco,0.795,7790.893082,6193.76,Carne,2025,10,6
2025-10-06,Matambrito de cerdo,1.56,14890.0,23228.4,Cerdo,2025,10,6
2025-10-06,Chorizo de cerdo,1.585,10500.0,16642.5,Achura,2025,10,6
2025-10-06,Morcilla,0.285,8900.912281,2536.76,Achura,2025,10,6
2025-10-06,Chinchulin,0.86,5490.895349,4722.17,Achura,2025,10,6
2025-10-06,Suprema,5.925,9590.899578,56826.08,Pollo,2025,10,6
2025-10-06,Paty Casero,1.57,12500.0,19625.0,Elaborados,2025,10,6
2025-10-06,Mila de pollo,5.965,8750.900251,52199.12,Elaborados,2025,10,6
2025-10-06,Filet Rebosado,0.385,9900.909091,3811.85,Elaborados,2025,10,6
2025-10-06,Pata y Muslo,2.06,3750.898058,7726.85,Pollo,2025,10,6
2025-10-06,Oferta Pata y muslo,2.06,4890.495146,10074.42,Pollo,2025,10,6
2025-10-06,Ojo de bife,1.165,19300.0,22484.5,Carne,2025,10,6
2025-10-06,Churrasco de cerdo,2.3,12250.0,28175.0,Cerdo,2025,10,6
2025-10-06,Gen Unitario,4.0,10750.0,43000.0,Almacen,2025,10,6
2025-10-06,Gen Pesable,17.12,6379.8,109222.1,Otros,2025,10,6
2025-10-07,Cuadrada,1.46,13490.0,19695.4,Carne,2025,10,7
2025-10-07,Nalga,4.89,16490.0,80636.1,Carne,2025,10,7
2025-10-07,Cuadril,1.635,13690.0,22383.15,Carne,2025,10,7
2025-10-07,Bife angosto,2.905,12490.0,36283.45,Carne,2025,10,7
2025-10-07,Matambrito de cerdo,1.735,14890.0,25834.15,Cerdo,2025,10,7
2025-10-07,Chorizo de cerdo,1.66,10500.0,17430.0,Achura,2025,10,7
2025-10-07,Morcilla,1.295,8900.903475,11526.67,Achura,2025,10,7
2025-10-07,Suprema,4.19,9590.899761,40185.87,Pollo,2025,10,7
2025-10-07,Paty Casero,0.76,12500.0,9500.0,Elaborados,2025,10,7
2025-10-07,Mila de pollo,7.33,8750.901774,64144.11,Elaborados,2025,10,7
2025-10-07,Pata y Muslo,2.67,3590.902622,9587.71,Pollo,2025,10,7
2025-10-07,Oferta Pata y muslo,7.775,3335.899678,25936.62,Pollo,2025,10,7
2025-10-07,Higado,2.135,2790.599532,5957.93,Achura,2025,10,7
2025-10-07,Salchicha viena,0.345,11900.0,4105.5,Embutidos,2025,10,7
2025-10-07,Mila de cerdo,2.4,8900.9,21362.16,Elaborados,2025,10,7
2025-10-07,Bolsa,1.0,60.0,60.0,Almacen,2025,10,7
2025-10-07,Gen Unitario,2.0,2500.0,5000.0,Almacen,2025,10,7
2025-10-07,Gen Pesable,18.19,7878.57,143311.26,Otros,2025,10,7
2025-10-08,Aasado,1.7,13900.0,23630.0,Carne,2025,10,8
2025-10-08,Vacio,1.87,16250.0,30387.5,Carne,2025,10,8
2025-10-08,Cuadrada,0.595,13490.0,8026.55,Carne,2025,10,8
2025-10-08,Bola de lomo,1.885,13250.0,24976.25,Carne,2025,10,8
2025-10-08,Nalga,4.365,16490.0,71978.85,Carne,2025,10,8
2025-10-08,Peceto,1.01,17690.0,17866.9,Carne,2025,10,8
2025-10-08,Paleta,1.53,11750.0,17977.5,Carne,2025,10,8
2025-10-08,Roastbeef,0.97,11259.0,10921.23,Carne,2025,10,8
2025-10-08,Bife angosto,0.725,12490.0,9055.25,Carne,2025,10,8
2025-10-08,Chorizo de cerdo,0.835,10500.0,8767.5,Achura,2025,10,8
2025-10-08,Morcilla,0.265,8900.90566,2358.74,Achura,2025,10,8
2025-10-08,Pollo,3.315,3359.900452,11138.07,Pollo,2025,10,8
2025-10-08,Suprema,4.375,9590.898286,41960.18,Pollo,2025,10,8
2025-10-08,Mila de pollo,0.815,8750.895706,7131.98,Elaborados,2025,10,8
2025-10-08,Higado,0.34,2790.588235,948.8,Achura,2025,10,8
2025-10-08,Carre sin hueso,1.405,9790.896797,13756.21,Cerdo,2025,10,8
2025-10-08,Mila de pollo rellena,0.345,9900.898551,3415.81,Elaborados,2025,10,8
2025-10-08,Filet de merluza,3.285,8990.898021,29535.1,Pescado,2025,10,8
2025-10-08,Mila de cerdo,0.985,8900.903553,8767.39,Elaborados,2025,10,8
2025-10-08,Gen Unitario,2.0,1600.0,3200.0,Almacen,2025,10,8
2025-10-08,Gen Pesable,13.215,8561.77,113143.85,Otros,2025,10,8
2025-10-09,Asado,1.395,13900.0,19390.5,Carne,2025,10,9
2025-10-09,Vacio,7.11,16250.0,115537.5,Carne,2025,10,9
2025-10-09,Cuadrada,3.415,13490.0,46068.35,Carne,2025,10,9
2025-10-09,Matambre ,1.69,12900.0,21801.0,Carne,2025,10,9
2025-10-09,Bola de lomo,2.715,13250.0,35973.75,Carne,2025,10,9
2025-10-09,Cuadril,1.095,13890.0,15209.55,Carne,2025,10,9
2025-10-09,Bife de chorizo,1.745,18400.0,32108.0,Carne,2025,10,9
2025-10-09,Bife angosto,1.305,12900.0,16834.5,Carne,2025,10,9
2025-10-09,Bifes de cerdo,4.455,7250.900112,32302.76,Cerdo,2025,10,9
2025-10-09,Matambrito de cerdo,2.895,14890.0,43106.55,Cerdo,2025,10,9
2025-10-09,Chorizo de cerdo,3.92,10500.0,41160.0,Achura,2025,10,9
2025-10-09,Morcilla,1.525,8900.904918,13573.88,Achura,2025,10,9
2025-10-09,Pollo,3.385,3359.899557,11373.26,Pollo,2025,10,9
2025-10-09,Suprema,4.215,9590.89917,40425.64,Pollo,2025,10,9
2025-10-09,Filet Rebosado,1.03,9900.902913,10197.93,Elaborados,2025,10,9
2025-10-09,Pata y Muslo,2.025,3590.898765,7271.57,Pollo,2025,10,9
2025-10-09,Mila de cerdo,0.965,8900.901554,8589.37,Elaborados,2025,10,9
2025-10-09,Provoleta,0.32,28500.0,9120.0,Embutidos,2025,10,9
2025-10-09,Gen Unitario,11.0,5763.64,63400.0,Almacen,2025,10,9
2025-10-09,Gen pesable,25.075,7974.88,199970.14,Otros,2025,10,9
2025-10-11,Asado,6.73,13900.0,93547.0,Carne,2025,10,11
2025-10-11,Vacio,3.975,16490.0,65547.75,Carne,2025,10,11
2025-10-11,Cuadrada,5.045,13490.0,68057.05,Carne,2025,10,11
2025-10-11,Bola de lomo,0.385,13590.0,5232.15,Carne,2025,10,11
2025-10-11,Nalga,1.47,16890.0,24828.3,Carne,2025,10,11
2025-10-11,Colita de Cuadril,1.325,17900.0,23717.5,Carne,2025,10,11
2025-10-11,Cuadril,5.47,13890.0,75978.3,Carne,2025,10,11
2025-10-11,Paleta,1.205,11900.0,14339.5,Carne,2025,10,11
2025-10-11,Tortuguita,1.475,11900.0,17552.5,Carne,2025,10,11
2025-10-11,Bife de chorizo,0.66,18900.0,12474.0,Carne,2025,10,11
2025-10-11,Picada Especial,3.335,12200.0,40687.0,Carne,2025,10,11
2025-10-11,Pechito de cerdo,0.79,7590.898734,5996.81,Cerdo,2025,10,11
2025-10-11,Bondiola,0.85,10169.0,8643.65,Cerdo,2025,10,11
2025-10-11,Chorizo de cerdo,1.92,10500.0,20160.0,Achura,2025,10,11
2025-10-11,Chorizo mixto,0.33,10400.0,3432.0,Achura,2025,10,11
2025-10-11,Morcilla,1.375,8900.894545,12238.73,Achura,2025,10,11
2025-10-11,Pollo,6.985,3359.899785,23468.9,Pollo,2025,10,11
2025-10-11,Suprema,1.525,9590.904918,14626.13,Pollo,2025,10,11
2025-10-11,Mila de pollo,5.32,8750.900376,46554.79,Elaborados,2025,10,11
2025-10-11,Pata y Muslo,7.465,3590.898861,26806.06,Pollo,2025,10,11
2025-10-11,Oferta Pata y muslo,5.645,3335.899026,18831.15,Pollo,2025,10,11
2025-10-11,Ojo de bife,0.88,19500.0,17160.0,Carne,2025,10,11
2025-10-11,Salchica viena,0.35,11900.0,4165.0,Embutidos,2025,10,11
2025-10-11,Mila de cerdo,1.12,8900.901786,9969.01,Elaborados,2025,10,11
2025-10-11,Churrasco de cerdo,3.005,12250.0,36811.25,Cerdo,2025,10,11
2025-10-11,Pategras,0.41,26300.0,10783.0,Embutidos,2025,10,11
2025-10-11,Gen Unitario,16.0,6537.5,104600.0,Almacen,2025,10,11
2025-10-11,Gen pesable,18.155,8110.61,147248.06,Otros,2025,10,11
2025-10-12,Asado,7.71,13900.0,107169.0,Carne,2025,10,12
2025-10-12,Cuadrada,0.985,13490.0,13287.65,Carne,2025,10,12
2025-10-12,Tapa de nalga,3.97,12590.0,49982.3,Carne,2025,10,12
2025-10-12,Tapa de asado,0.78,12400.0,9672.0,Carne,2025,10,12
2025-10-12,Bola de lomo,0.98,13590.0,13318.2,Carne,2025,10,12
2025-10-12,Roastbeef,0.99,11590.0,11474.1,Carne,2025,10,12
2025-10-12,Bife de chorizo,0.57,18900.0,10773.0,Carne,2025,10,12
2025-10-12,Lomo,1.530,20.7,31671.0,Carne,2025,10,12
2025-10-12,Bife angosto,0.635,12900.0,8191.5,Carne,2025,10,12
2025-10-12,Osobuco,1.99,7790.899497,15503.89,Carne,2025,10,12
2025-10-12,Pechito de cerdo,1.985,7590.901763,15067.94,Cerdo,2025,10,12
2025-10-12,Matambrito de cerdo,2.02,14890.0,30077.8,Cerdo,2025,10,12
2025-10-12,Chorizo de cerdo,0.995,10500.0,10447.5,Achura,2025,10,12
2025-10-12,Chorizo mixto,0.905,10400.0,9412.0,Achura,2025,10,12
2025-10-12,Morcilla,0.23,8900.913043,2047.21,Achura,2025,10,12
2025-10-12,Chinchulin,1.625,5490.898462,8922.71,Achura,2025,10,12
2025-10-12,Suprema,3.905,9590.898848,37452.46,Pollo,2025,10,12
2025-10-12,Mila de pollo,2.005,8750.897756,17545.55,Elaborados,2025,10,12
2025-10-12,Filet rebosado,1.15,9900.904348,11386.04,Elaborados,2025,10,12
2025-10-12,Pata y Muslo,1.995,3590.902256,7163.85,Pollo,2025,10,12
2025-10-12,Oferta Pata y muslo,5.77,3335.901213,19248.15,Pollo,2025,10,12
2025-10-12,Molleja,0.635,20900.0,13271.5,Achura,2025,10,12
2025-10-12,Paleta de cerdo,2.185,6700.901602,14641.47,Cerdo,2025,10,12
2025-10-12,Provoleta,0.345,28500.0,9832.5,Embutidos,2025,10,12
2025-10-12,Gen Unitario,3.0,10666.67,32000.0,Almacen,2025,10,12
2025-10-12,Gen pesable,2.41,10500.0,25305.0,Otros,2025,10,12
2025-10-13,Cuadrada,3.845,14450.0,55560.25,Carne,2025,10,13
2025-10-13,Tapa de nalga,1.5,13450.0,20175.0,Carne,2025,10,13
2025-10-13,Nalga,1.03,16200.0,16686.0,Carne,2025,10,13
2025-10-13,Peceto,3.43,17900.0,61397.0,Carne,2025,10,13
2025-10-13,Cuadril,1.33,14750.0,19617.5,Carne,2025,10,13
2025-10-13,Bife de chorizo,1.485,19800.0,29403.0,Carne,2025,10,13
2025-10-13,Piacada especial,1.595,12900.0,20575.5,Carne,2025,10,13
2025-10-13,Piacada comun,1.05,9350.895238,9818.44,Carne,2025,10,13
2025-10-13,Pechito de cerdo,2.04,7900.901961,16117.84,Cerdo,2025,10,13
2025-10-13,Morcilla,0.415,8900.891566,3693.87,Achura,2025,10,13
2025-10-13,Pollo,2.535,3430.899408,8697.33,Pollo,2025,10,13
2025-10-13,Suprema,1.12,9690.892857,10853.8,Pollo,2025,10,13
2025-10-13,Oferta bife ancho,1.615,12900.0,20833.5,Carne,2025,10,13
2025-10-13,Ojo de bife,0.63,20450.0,12883.5,Carne,2025,10,13
2025-10-13,Higado,2.135,2790.599532,5957.93,Achura,2025,10,13
2025-10-13,Gen Unitario,3.0,8000.0,24000.0,Almacen,2025,10,13
2025-10-13,Gen pesable,3.265,5816.23,18990.0,Otros,2025,10,13
2025-10-14,Vacio,1.845,16690.0,30793.05,Carne,2025,10,14
2025-10-14,Cuadrada,1.01,14450.0,14594.5,Carne,2025,10,14
2025-10-14,Tapa de asado,1.795,12400.0,22258.0,Carne,2025,10,14
2025-10-14,Matambre ,1.655,12900.0,21349.5,Carne,2025,10,14
2025-10-14,Nalga,4.07,16200.0,65934.0,Carne,2025,10,14
2025-10-14,Peceto,2.71,17900.0,48509.0,Carne,2025,10,14
2025-10-14,Colita de Cuadril,0.995,18800.0,18706.0,Carne,2025,10,14
2025-10-14,Cuadril,4.055,14750.0,59811.25,Carne,2025,10,14
2025-10-14,Paleta,1.82,12450.0,22659.0,Carne,2025,10,14
2025-10-14,Roastbeef,0.76,12450.0,9462.0,Carne,2025,10,14
2025-10-14,Bife de chorizo,0.535,19800.0,10593.0,Carne,2025,10,14
2025-10-14,Entraña,1.075,20500.0,22037.5,Carne,2025,10,14
2025-10-14,Bife angosto,3.655,13690.0,50036.95,Carne,2025,10,14
2025-10-14,Falda parrillera,1.02,9900.0,10098.0,Carne,2025,10,14
2025-10-14,Osobuco,0.805,7790.89441,6271.67,Carne,2025,10,14
2025-10-14,Espinazo,1.61,6900.0,11109.0,Carne,2025,10,14
2025-10-14,Pechito de cerdo,0.585,7900.905983,4622.03,Cerdo,2025,10,14
2025-10-14,Bifes de cerdo,0.6,7600.9,4560.54,Cerdo,2025,10,14
2025-10-14,Chorizo de cerdo,0.515,10500.0,5407.5,Achura,2025,10,14
2025-10-14,Morcilla,0.43,8900.906977,3827.39,Achura,2025,10,14
2025-10-14,Chinchulin,0.56,5490.892857,3074.9,Achura,2025,10,14
2025-10-14,Pollo,2.445,3430.899796,8388.55,Pollo,2025,10,14
2025-10-14,Suprema,4.145,9690.902292,40168.79,Pollo,2025,10,14
2025-10-14,Mila de pollo,8.26,8750.900726,72282.44,Elaborados,2025,10,14
2025-10-14,Filet rebozado,1.93,9900.901554,19108.74,Elaborados,2025,10,14
2025-10-14,Pata y Muslo,1.095,3750.90411,4107.24,Pollo,2025,10,14
2025-10-14,Oferta bife ancho,1.14,12900.0,14706.0,Carne,2025,10,14
2025-10-14,Higado,0.98,2790.602041,2734.79,Achura,2025,10,14
2025-10-14,Oferta Carre,2.105,6950.902613,14631.65,Cerdo,2025,10,14
2025-10-14,Gen unitario,9.0,3611.11,32500.0,Almacen,2025,10,14
2025-10-14,Gen pesable,11.1,4973.47,55205.5,Otros,2025,10,14
2025-10-15,Asado,1.985,13900.0,27591.5,Carne,2025,10,15
2025-10-15,Vacio,4.95,16690.0,82615.5,Carne,2025,10,15
2025-10-15,Cuadrada,1.98,14450.0,28611.0,Carne,2025,10,15
2025-10-15,Matambre ,1.635,12900.0,21091.5,Carne,2025,10,15
2025-10-15,Bola de lomo,1.58,14450.0,22831.0,Carne,2025,10,15
2025-10-15,Nalga,2.7,16200.0,43740.0,Carne,2025,10,15
2025-10-15,Peceto,2.93,17900.0,52447.0,Carne,2025,10,15
2025-10-15,Colita de Cuadril,1.135,18800.0,21338.0,Carne,2025,10,15
2025-10-15,Cuadril,4.35,14750.0,64162.5,Carne,2025,10,15
2025-10-15,Paleta,3.07,12450.0,38221.5,Carne,2025,10,15
2025-10-15,Bife de chorizo,1.695,19800.0,33561.0,Carne,2025,10,15
2025-10-15,Bife angosto,1.02,13690.0,13963.8,Carne,2025,10,15
2025-10-15,Picada Especial,3.81,12900.0,49149.0,Carne,2025,10,15
2025-10-15,Pechito de cerdo,2.15,7900.902326,16986.94,Cerdo,2025,10,15
2025-10-15,Bifes de cerdo,0.77,7600.896104,5852.69,Cerdo,2025,10,15
2025-10-15,Chorizo de cerdo,1.1,10500.0,11550.0,Achura,2025,10,15
2025-10-15,Morcilla,1.71,8900.900585,15220.54,Achura,2025,10,15
2025-10-15,Chinchulin,5.34,5490.900749,29321.41,Achura,2025,10,15
2025-10-15,Pollo,1.115,3590.896861,4003.85,Pollo,2025,10,15
2025-10-15,Suprema,5.23,9690.898662,50683.4,Pollo,2025,10,15
2025-10-15,Mila de pollo,6.31,8750.901743,55218.19,Elaborados,2025,10,15
2025-10-15,Oferta bife ancho,4.715,12900.0,60823.5,Carne,2025,10,15
2025-10-15,Filet Merluza,1.54,8990.902597,13845.99,Pescado,2025,10,15
2025-10-15,Mila de cerdo,0.97,8900.896907,8633.87,Elaborados,2025,10,15
2025-10-15,Oferta Carre,4.645,6950.899892,32286.93,Cerdo,2025,10,15
2025-10-15,Gen unitario,6.0,6966.67,41800.0,Almacen,2025,10,15
2025-10-15,Gen pesable,9.02,4977.66,44898.5,Otros,2025,10,15
2025-10-16,Asado,4.255,13950.0,59357.25,Carne,2025,10,16
2025-10-16,Cuadrada,2.655,14500.0,38497.5,Carne,2025,10,16
2025-10-16,Bola de lomo,1.61,14500.0,23345.0,Carne,2025,10,16
2025-10-16,Nalga,3.535,16490.0,58292.15,Carne,2025,10,16
2025-10-16,Cuadril,1.945,14800.0,28786.0,Carne,2025,10,16
2025-10-16,Paleta,3.365,12450.0,41894.25,Carne,2025,10,16
2025-10-16,Asado Americano,1.23,14500.0,17835.0,Carne,2025,10,16
2025-10-16,Picada Especial,2.435,12900.0,31411.5,Carne,2025,10,16
2025-10-16,Picada comun,1.565,9400.900958,14712.41,Carne,2025,10,16
2025-10-16,Pechito de cerdo,0.62,7900.903226,4898.56,Cerdo,2025,10,16
2025-10-16,Bondiola,0.545,10074.31193,5490.5,Cerdo,2025,10,16
2025-10-16,Chorizo mixto,0.86,10400.0,8944.0,Achura,2025,10,16
2025-10-16,Morcilla,0.465,8900.903226,4138.92,Achura,2025,10,16
2025-10-16,Pollo,6.19,3590.899838,22227.67,Pollo,2025,10,16
2025-10-16,Suprema,0.92,9690.902174,8915.63,Pollo,2025,10,16
2025-10-16,Paty Casero,1.125,12500.0,14062.5,Elaborados,2025,10,16
2025-10-16,Mila de pollo,4.18,8750.899522,36578.76,Elaborados,2025,10,16
2025-10-16,Filet rebozado,0.7,9900.9,6930.63,Elaborados,2025,10,16
2025-10-16,Provoleta,1.0,7000.0,7000.0,Embutidos,2025,10,16
2025-10-16,Pategras,0.27,26300.0,7101.0,Embutidos,2025,10,16
2025-10-16,Falda parrillera,1.945,8950.899743,17409.5,Carne,2025,10,16
2025-10-16,Gen unitario,8.0,3900.88,31207.0,Almacen,2025,10,16
2025-10-16,Gen pesable,12.165,8652.24,105254.5,Otros,2025,10,16
2025-10-17,Asado,4.04,14200.0,57368.0,Carne,2025,10,17
2025-10-17,Vacio,3.51,16750.0,58792.5,Carne,2025,10,17
2025-10-17,Cuadrada,3.385,14500.0,49082.5,Carne,2025,10,17
2025-10-17,Tapa de nalga,1.405,13450.0,18897.25,Carne,2025,10,17
2025-10-17,Matambre ,3.375,12950.0,43706.25,Carne,2025,10,17
2025-10-17,Bola de lomo,1.665,14500.0,24142.5,Carne,2025,10,17
2025-10-17,Nalga,0.49,16490.0,8080.1,Carne,2025,10,17
2025-10-17,Colita de Cuadril,1.245,18850.0,23468.25,Carne,2025,10,17
2025-10-17,Paleta,0.97,12450.0,12076.5,Carne,2025,10,17
2025-10-17,Roastbeef,1.725,12450.0,21476.25,Carne,2025,10,17
2025-10-17,Asado Americano,1.18,14500.0,17110.0,Carne,2025,10,17
2025-10-17,Lomo,1.525,21250.0,32406.25,Carne,2025,10,17
2025-10-17,Bife angosto,4.79,13690.0,65575.1,Carne,2025,10,17
2025-10-17,Picada comun,1.12,9400.901786,10529.01,Carne,2025,10,17
2025-10-17,Osobuco,1.015,7790.896552,7907.76,Carne,2025,10,17
2025-10-17,Bifes de cerdo,4.405,7600.898978,33481.96,Cerdo,2025,10,17
2025-10-17,Bondiola,2.905,10900.0,31664.5,Cerdo,2025,10,17
2025-10-17,Chorizo de cerdo,1.34,10500.0,14070.0,Achura,2025,10,17
2025-10-17,Chorizo mixto,1.12,10400.0,11648.0,Achura,2025,10,17
2025-10-17,Morcilla,1.965,8900.900763,17490.27,Achura,2025,10,17
2025-10-17,Chinchulin,1.15,5490.904348,6314.54,Achura,2025,10,17
2025-10-17,Riñon,0.54,4990.907407,2695.09,Achura,2025,10,17
2025-10-17,Pollo,8.85,3590.900565,31779.47,Pollo,2025,10,17
2025-10-17,Suprema,2.33,9690.901288,22579.8,Pollo,2025,10,17
2025-10-17,Mila de pollo,2.055,8750.900243,17983.1,Elaborados,2025,10,17
2025-10-17,Mondongo,0.675,6200.903704,4185.61,Achura,2025,10,17
2025-10-17,Pata y Muslo,1.66,3790.89759,6292.89,Pollo,2025,10,17
2025-10-17,Oferta bife ancho,0.95,12900.0,12255.0,Carne,2025,10,17
2025-10-17,Higado,1.145,2790.60262,3195.24,Achura,2025,10,17
2025-10-17,Solomillo,1.065,9900.901408,10544.46,Cerdo,2025,10,17
2025-10-17,Churrasco de cerdo,3.14,13900.0,43646.0,Cerdo,2025,10,17
2025-10-17,Oferta carre,2.06,6950.902913,14318.86,Cerdo,2025,10,17
2025-10-17,Falda parrillera,2.235,8950.899329,20005.26,Carne,2025,10,17
2025-10-17,Osobuco,2.06,7500.902913,15451.86,Carne,2025,10,17
2025-10-17,Gen unitario,4.0,6300.0,25200.0,Almacen,2025,10,17
2025-10-17,Gen pesable,5.99,5088.48,30480.0,Otros,2025,10,17
2025-10-18,Asado,10.235,14200.0,145337.0,Carne,2025,10,18
2025-10-18,Vacio,11.445,16750.0,191703.75,Carne,2025,10,18
2025-10-18,Cuadrada,1.06,14500.0,15370.0,Carne,2025,10,18
2025-10-18,Tapa de asado,2.03,12450.0,25273.5,Carne,2025,10,18
2025-10-18,Bola de lomo,0.985,14500.0,14282.5,Carne,2025,10,18
2025-10-18,Nalga,3.54,16490.0,58374.6,Carne,2025,10,18
2025-10-18,Peceto,2.15,17950.0,38592.5,Carne,2025,10,18
2025-10-18,Paleta,2.215,12450.0,27576.75,Carne,2025,10,18
2025-10-18,Roastbeef,0.965,12450.0,12014.25,Carne,2025,10,18
2025-10-18,Tortuguita,0.685,12450.0,8528.25,Carne,2025,10,18
2025-10-18,Asado Americano,4.19,14500.0,60755.0,Carne,2025,10,18
2025-10-18,Lomo,3.1,21250.0,65875.0,Carne,2025,10,18
2025-10-18,Entraña,2.195,20500.0,44997.5,Carne,2025,10,18
2025-10-18,Picada comun,1.125,9400.906667,10576.02,Carne,2025,10,18
2025-10-18,Pechito de cerdo,8.015,7900.899563,63325.71,Cerdo,2025,10,18
2025-10-18,Bifes de cerdo,1.01,7600.90099,7676.91,Cerdo,2025,10,18
2025-10-18,Bondiola,3.95,10900.0,43055.0,Cerdo,2025,10,18
2025-10-18,Matambrito de cerdo,3.855,17900.0,69004.5,Cerdo,2025,10,18
2025-10-18,Chorizo de cerdo,3.58,10500.0,37590.0,Achura,2025,10,18
2025-10-18,Chorizo mixto,3.915,10400.0,40716.0,Achura,2025,10,18
2025-10-18,Morcilla,4.775,8900.900524,42501.8,Achura,2025,10,18
2025-10-18,Salchica parrillera,0.415,11900.0,4938.5,Achura,2025,10,18
2025-10-18,Chinchulin,9.06,5490.899558,49747.55,Achura,2025,10,18
2025-10-18,Riñon,3.81,4990.900262,19015.33,Achura,2025,10,18
2025-10-18,Pollo,7.615,3590.900854,27344.71,Pollo,2025,10,18
2025-10-18,Suprema,0.91,9690.901099,8818.72,Pollo,2025,10,18
2025-10-18,Paty casero,2.04,12500.0,25500.0,Elaborados,2025,10,18
2025-10-18,Mila de pollo,4.695,8750.898829,41085.47,Elaborados,2025,10,18
2025-10-18,Pata y Muslo,8.225,3790.899696,31180.15,Pollo,2025,10,18
2025-10-18,Oferta bife ancho,2.885,12900.0,37216.5,Carne,2025,10,18
2025-10-18,Salchica viena,1.25,11900.0,14875.0,Embutidos,2025,10,18
2025-10-18,Molleja,1.08,20900.0,22572.0,Achura,2025,10,18
2025-10-18,Mila de cerdo,1.085,9500.903226,10308.48,Elaborados,2025,10,18
2025-10-18,Carbon grande,2.0,5000.0,10000.0,Almacen,2025,10,18
2025-10-18,Falda parrillera,4.03,8950.900744,36072.13,Carne,2025,10,18
2025-10-18,Asado orilla,5.215,11500.0,59972.5,Carne,2025,10,18
2025-10-18,Gen unitario,16.0,11781.25,188500.0,Almacen,2025,10,18
2025-10-18,Gen pesable,4.105,3624.24,14877.5,Otros,2025,10,18
2025-10-19,Asado,22.19,14200.0,315098.0,Carne,2025,10,19
2025-10-19,Vacio,2.645,16750.0,44303.75,Carne,2025,10,19
2025-10-19,Cuadrada,0.78,14500.0,11310.0,Carne,2025,10,19
2025-10-19,Tapa de nalga,12.57,12450.0,156496.5,Carne,2025,10,19
2025-10-19,Matambre ,4.46,12950.0,57757.0,Carne,2025,10,19
2025-10-19,Colita de Cuadril,6.865,18850.0,129405.25,Carne,2025,10,19
2025-10-19,Roastbeef,2.52,12450.0,31374.0,Carne,2025,10,19
2025-10-19,Bife de chorizo,0.845,19850.0,16773.25,Carne,2025,10,19
2025-10-19,Lomo,6.48,21250.0,137700.0,Carne,2025,10,19
2025-10-19,Pechito de cerdo,7.1,7900.898592,56096.38,Cerdo,2025,10,19
2025-10-19,Matambrito de cerdo,3.17,17900.0,56743.0,Cerdo,2025,10,19
2025-10-19,Chorizo de cerdo,9.62,10500.0,101010.0,Achura,2025,10,19
2025-10-19,Morcilla,2.525,8900.89901,22474.77,Achura,2025,10,19
2025-10-19,Salchicha parrilllera,1.005,11900.0,11959.5,Achura,2025,10,19
2025-10-19,Chinchulin,0.63,5490.904762,3459.27,Achura,2025,10,19
2025-10-19,Morcilla vasca,1.87,9900.898396,18514.68,Achura,2025,10,19
2025-10-19,Pollo,5.685,3590.900616,20414.27,Pollo,2025,10,19
2025-10-19,Suprema,4.31,9690.897912,41767.77,Pollo,2025,10,19
2025-10-19,Pata y Muslo,2.255,3790.900222,8548.48,Pollo,2025,10,19
2025-10-19,Molleja,1.8,20900.0,37620.0,Achura,2025,10,19
2025-10-19,Provoleta,3.0,7000.0,21000.0,Embutidos,2025,10,19
2025-10-19,Pategras,0.79,26300.0,20777.0,Embutidos,2025,10,19
2025-10-19,Oferta carre,2.015,6950.898263,14006.06,Cerdo,2025,10,19
2025-10-19,Asado orilla,1.055,11500.0,12132.5,Carne,2025,10,19
2025-10-19,Gen unitario,12.0,4616.67,55400.0,Almacen,2025,10,19
2025-10-19,Gen pesable,4.665,9091.43,42411.5,Otros,2025,10,19
2025-10-20,Asado,2.32,14200.0,32944.0,Carne,2025,10,20
2025-10-20,Cuadrada,0.955,15107.32984,14427.5,Carne,2025,10,20
2025-10-20,Tapa de nalga,1.385,13450.0,18628.25,Carne,2025,10,20
2025-10-20,Bola de lomo,1.085,14500.0,15732.5,Carne,2025,10,20
2025-10-20,Nalga,1.51,16490.0,24899.9,Carne,2025,10,20
2025-10-20,Peceto,1.05,17950.0,18847.5,Carne,2025,10,20
2025-10-20,Cuadril,1.7,14800.0,25160.0,Carne,2025,10,20
2025-10-20,Paleta,1.02,12450.0,12699.0,Carne,2025,10,20
2025-10-20,Roastbeef,1.88,12450.0,23406.0,Carne,2025,10,20
2025-10-20,Bife angosto,1.14,13690.0,15606.6,Carne,2025,10,20
2025-10-20,Picada Especial,0.97,12900.0,12513.0,Carne,2025,10,20
2025-10-20,Pechito de cerdo,1.545,7900.899676,12206.89,Cerdo,2025,10,20
2025-10-20,Salchicha parrilllera,1.155,11900.0,13744.5,Achura,2025,10,20
2025-10-20,Pollo,1.14,3690.903509,4207.63,Pollo,2025,10,20
2025-10-20,Suprema,6.725,9690.899628,65171.3,Pollo,2025,10,20
2025-10-20,Mila de pollo,2.605,8750.902111,22796.1,Elaborados,2025,10,20
2025-10-20,Pechuga con hueso,2.155,8600.900232,18534.94,Pollo,2025,10,20
2025-10-20,Pata y Muslo,2.015,3890.898263,7840.16,Pollo,2025,10,20
2025-10-20,Oferta pata y muslo,3.185,3500.901099,11150.37,Pollo,2025,10,20
2025-10-20,Ojo de bife,0.68,20500.0,13940.0,Carne,2025,10,20
2025-10-20,Salchicha viena,0.49,11900.0,5831.0,Embutidos,2025,10,20
2025-10-20,Picaña,0.935,18850.0,17624.75,Carne,2025,10,20
2025-10-20,Oferta carre,3.905,6950.898848,27143.26,Cerdo,2025,10,20
2025-10-20,Gen unitario,4.0,14657.5,58630.0,Almacen,2025,10,20
2025-10-20,Gen pesable,4.91,2397.45,11771.5,Otros,2025,10,20
2025-10-21,Cuadrada,2.035,14500.0,29507.5,Carne,2025,10,21
2025-10-21,Nalga,1.87,16490.0,30836.3,Carne,2025,10,21
2025-10-21,Peceto,2.11,17950.0,37874.5,Carne,2025,10,21
2025-10-21,Cuadril,1.555,14800.0,23014.0,Carne,2025,10,21
2025-10-21,Paleta,0.49,12450.0,6100.5,Carne,2025,10,21
2025-10-21,Bife angosto,1.19,13690.0,16291.1,Carne,2025,10,21
2025-10-21,Picada Especial,0.98,12900.0,12642.0,Carne,2025,10,21
2025-10-21,Matambrito de cerdo,1.535,17900.0,27476.5,Cerdo,2025,10,21
2025-10-21,Chinchulin,2.05,5690.902439,11666.35,Achura,2025,10,21
2025-10-21,Riñon,0.535,5200.897196,2782.48,Achura,2025,10,21
2025-10-21,Suprema,5.29,9690.899811,51264.86,Pollo,2025,10,21
2025-10-21,Mila de pollo,7.965,8750.901444,69700.93,Elaborados,2025,10,21
2025-10-21,Higado,1.195,2790.60251,3334.77,Achura,2025,10,21
2025-10-21,Molleja,0.555,21900.0,12154.5,Achura,2025,10,21
2025-10-21,Bolsa,1.0,60.0,60.0,Almacen,2025,10,21
2025-10-21,Gen unitario,3.0,4333.33,13000.0,Almacen,2025,10,21
2025-10-21,Gen pesable,6.97,7610.47,53045.0,Otros,2025,10,21
2025-10-22,Cuadrada,1.49,14500.0,21605.0,Carne,2025,10,22
2025-10-22,Bola de lomo,0.98,14500.0,14210.0,Carne,2025,10,22
2025-10-22,Nalga,0.73,16490.0,12037.7,Carne,2025,10,22
2025-10-22,Peceto,0.84,17950.0,15078.0,Carne,2025,10,22
2025-10-22,Cuadril,4.12,14800.0,60976.0,Carne,2025,10,22
2025-10-22,Paleta,1.54,12450.0,19173.0,Carne,2025,10,22
2025-10-22,Roastbeef,1.99,12450.0,24775.5,Carne,2025,10,22
2025-10-22,Bife angosto,0.965,13690.0,13210.85,Carne,2025,10,22
2025-10-22,Picada Especial,5.14,12900.0,66306.0,Carne,2025,10,22
2025-10-22,Suprema,7.14,9690.89916,69193.02,Pollo,2025,10,22
2025-10-22,Paty casero,0.19,12500.0,2375.0,Elaborados,2025,10,22
2025-10-22,Mila de pollo,1.015,8750.896552,8882.16,Elaborados,2025,10,22
2025-10-22,Oferta pata y muslo,2.725,3500.899083,9539.95,Pollo,2025,10,22
2025-10-22,Oferta bife ancho,1.595,12900.0,20575.5,Carne,2025,10,22
2025-10-22,HIgado,0.715,2790.601399,1995.28,Achura,2025,10,22
2025-10-22,Molleja,1.17,21900.0,25623.0,Achura,2025,10,22
2025-10-22,Filet de merluza,4.355,9500.900115,41376.42,Pescado,2025,10,22
2025-10-22,Mila de cerdo,1.14,9500.903509,10831.03,Elaborados,2025,10,22
2025-10-22,Asado orilla,1.93,11500.0,22195.0,Carne,2025,10,22
2025-10-22,Gen unitario,3.0,8898.33,26695.0,Almacen,2025,10,22
2025-10-22,Gen pesable,6.26,2335.0,14617.1,Otros,2025,10,22
2025-10-23,Cuadrada,1.015,14500.0,14717.5,Carne,2025,10,23
2025-10-23,Tapa de asado,1.255,12450.0,15624.75,Carne,2025,10,23
2025-10-23,Bola de lomo,1.055,14500.0,15297.5,Carne,2025,10,23
2025-10-23,Cuadril,2.01,14800.0,29748.0,Carne,2025,10,23
2025-10-23,Roastbeef,1.68,12450.0,20916.0,Carne,2025,10,23
2025-10-23,Bife de chorizo,0.795,19850.0,15780.75,Carne,2025,10,23
2025-10-23,Bife angosto,1.04,13690.0,14237.6,Carne,2025,10,23
2025-10-23,Picada Especial,2.075,12900.0,26767.5,Carne,2025,10,23
2025-10-23,Bifes de cerdo,0.68,7600.897059,5168.61,Cerdo,2025,10,23
2025-10-23,Chorizo de cerdo,1.02,10690.0,10903.8,Achura,2025,10,23
2025-10-23,Morcilla,1.155,8900.900433,10280.54,Achura,2025,10,23
2025-10-23,Riñon,0.61,5200.901639,3172.55,Achura,2025,10,23
2025-10-23,Suprema,4.115,9690.90158,39878.06,Pollo,2025,10,23
2025-10-23,Mila de pollo,3.495,8750.901288,30584.4,Elaborados,2025,10,23
2025-10-23,Oferta bife ancho,1.925,12900.0,24832.5,Carne,2025,10,23
2025-10-23,Higado,1.135,2790.599119,3167.33,Achura,2025,10,23
2025-10-23,Picaña,1.355,18850.0,25541.75,Carne,2025,10,23
2025-10-23,Lengua,1.45,10890.0,15790.5,Achura,2025,10,23
2025-10-23,Filet merluza,2.64,9500.901515,25082.38,Pescado,2025,10,23
2025-10-23,Mila de cerdo,1.06,9500.896226,10070.95,Elaborados,2025,10,23
2025-10-23,Asado orilla,2.475,11500.0,28462.5,Carne,2025,10,23
2025-10-23,Gen unitario,8.0,16687.5,133500.0,Almacen,2025,10,23
2025-10-23,Gen pesable,2.745,8053.37,22106.5,Otros,2025,10,23
2025-10-24,Asado,2.285,14350.0,32789.75,Carne,2025,10,24
2025-10-24,Nalga,3.23,16490.0,53262.7,Carne,2025,10,24
2025-10-24,Peceto,0.78,17950.0,14001.0,Carne,2025,10,24
2025-10-24,Paleta,2.475,12450.0,30813.75,Carne,2025,10,24
2025-10-24,Roastbeef,0.455,12450.0,5664.75,Carne,2025,10,24
2025-10-24,Entraña,0.99,20500.0,20295.0,Carne,2025,10,24
2025-10-24,Bifes de cerdo,1.07,7600.897196,8132.96,Cerdo,2025,10,24
2025-10-24,Bondiola,2.64,10900.0,28776.0,Cerdo,2025,10,24
2025-10-24,Matambrito de cerdo,1.34,17900.0,23986.0,Cerdo,2025,10,24
2025-10-24,Chorizo de cerdo,1.06,10690.0,11331.4,Achura,2025,10,24
2025-10-24,Morcilla,2.85,8900.898246,25367.56,Achura,2025,10,24
2025-10-24,Salchicha parrilllera,0.58,11900.0,6902.0,Achura,2025,10,24
2025-10-24,Chinchulin,1.115,5690.896861,6345.35,Achura,2025,10,24
2025-10-24,Morcilla vasca,0.21,9900.904762,2079.19,Achura,2025,10,24
2025-10-24,Pollo,12.215,3690.899713,45084.34,Pollo,2025,10,24
2025-10-24,Suprema,2.21,9690.900452,21416.89,Pollo,2025,10,24
2025-10-24,Corazon,2.055,3990.900243,8201.3,Achura,2025,10,24
2025-10-24,Paty casero,1.505,12500.0,18812.5,Elaborados,2025,10,24
2025-10-24,Mila de pollo,2.175,8750.901149,19033.21,Pollo,2025,10,24
2025-10-24,Bolsa,1.0,60.0,60.0,Almacen,2025,10,24
2025-10-24,Gen unitario,5.0,5060.2,25301.0,Almacen,2025,10,24
2025-10-24,Gen pesable,4.51,11043.35,49805.5,Otros,2025,10,24
2025-10-25,Asado,11.855,14350.0,170119.25,Carne,2025,10,25
2025-10-25,Vacio,5.235,16900.0,88471.5,Carne,2025,10,25
2025-10-25,Cuadrada,2.24,14500.0,32480.0,Carne,2025,10,25
2025-10-25,Tapa de asado,1.335,12450.0,16620.75,Carne,2025,10,25
2025-10-25,Matambre ,1.44,12950.0,18648.0,Carne,2025,10,25
2025-10-25,Bola de lomo,2.42,14500.0,35090.0,Carne,2025,10,25
2025-10-25,Nalga,3.22,16490.0,53097.8,Carne,2025,10,25
2025-10-25,Colita de Cuadril,1.06,18900.0,20034.0,Carne,2025,10,25
2025-10-25,Cuadril,3.965,14800.0,58682.0,Carne,2025,10,25
2025-10-25,Palomita,0.825,12450.0,10271.25,Carne,2025,10,25
2025-10-25,Asado Americano,1.035,14590.0,15100.65,Carne,2025,10,25
2025-10-25,Lomo,4.825,21350.0,103013.75,Carne,2025,10,25
2025-10-25,Bife angosto,0.825,13690.0,11294.25,Carne,2025,10,25
2025-10-25,Pícada especial,0.535,12900.0,6901.5,Carne,2025,10,25
2025-10-25,Picada comun,0.48,9400.895833,4512.43,Carne,2025,10,25
2025-10-25,Osobuco,2.175,7790.901149,16945.21,Carne,2025,10,25
2025-10-25,Bondiola,0.9,10900.0,9810.0,Cerdo,2025,10,25
2025-10-25,Matambrito de cerdo,3.1,17900.0,55490.0,Cerdo,2025,10,25
2025-10-25,Chorizo de cerdo,3.65,10690.0,39018.5,Achura,2025,10,25
2025-10-25,Chorizo mixto,0.83,10400.0,8632.0,Achura,2025,10,25
2025-10-25,Morcilla,2.455,8900.900204,21851.71,Achura,2025,10,25
2025-10-25,Salchicha parrilllera,0.26,11900.0,3094.0,Achura,2025,10,25
2025-10-25,Chinchulin,2.655,5690.900188,15109.34,Achura,2025,10,25
2025-10-25,Morcilla vasca,0.225,9900.888889,2227.7,Achura,2025,10,25
2025-10-25,Pollo,14.22,3690.900141,52484.6,Pollo,2025,10,25
2025-10-25,Suprema,6.265,9690.901836,60713.5,Pollo,2025,10,25
2025-10-25,Paty casero,1.005,12500.0,12562.5,Elaborados,2025,10,25
2025-10-25,Mila de pollo,1.77,8750.903955,15489.1,Elaborados,2025,10,25
2025-10-25,Pata y Muslo,7.48,3890.90107,29103.94,Pollo,2025,10,25
2025-10-25,Oferta pata y muslo,9.36,3500.900641,32768.43,Pollo,2025,10,25
2025-10-25,Oferta bife ancho,3.955,11900.0,47064.5,Carne,2025,10,25
2025-10-25,Ojo de bife,1.025,20590.0,21104.75,Carne,2025,10,25
2025-10-25,Higado,1.12,2790.598214,3125.47,Achura,2025,10,25
2025-10-25,Oferta carre,4.4,6950.9,30583.96,Cerdo,2025,10,25
2025-10-25,Falda parrillera,4.625,8950.901622,41397.92,Carne,2025,10,25
2025-10-25,Gen unitario,3.0,7666.67,23000.0,Almacen,2025,10,25
2025-10-25,Gen pesable,3.72,6970.77,25931.25,Otros,2025,10,25
2025-10-26,Asado,7.62,14350.0,109347.0,Carne,2025,10,26
2025-10-26,Vacio,4.81,16900.0,81289.0,Carne,2025,10,26
2025-10-26,Tapa de nalga,1.44,13450.0,19368.0,Carne,2025,10,26
2025-10-26,Tapa de asado,1.655,12450.0,20604.75,Carne,2025,10,26
2025-10-26,Matambre ,1.41,12950.0,18259.5,Carne,2025,10,26
2025-10-26,Colita de Cuadril,1.07,18900.0,20223.0,Carne,2025,10,26
2025-10-26,Cuadril,0.58,14800.0,8584.0,Carne,2025,10,26
2025-10-26,Paleta,1.77,12450.0,22036.5,Carne,2025,10,26
2025-10-26,Roastbeef,1.01,12450.0,12574.5,Carne,2025,10,26
2025-10-26,Asado Americano,4.69,14590.0,68427.1,Carne,2025,10,26
2025-10-26,Entraña,0.375,20500.0,7687.5,Carne,2025,10,26
2025-10-26,Bife angosto,0.88,13690.0,12047.2,Carne,2025,10,26
2025-10-26,Picada Especial,0.525,12900.0,6772.5,Carne,2025,10,26
2025-10-26,Pechito de cerdo,1.875,7900.901333,14814.19,Cerdo,2025,10,26
2025-10-26,Bondiola,1.04,10900.0,11336.0,Cerdo,2025,10,26
2025-10-26,Matambrito de cerdo,1.24,17900.0,22196.0,Cerdo,2025,10,26
2025-10-26,Chorizo de cerdo,2.22,10690.0,23731.8,Achura,2025,10,26
2025-10-26,Chorizo mixto,0.43,10400.0,4472.0,Achura,2025,10,26
2025-10-26,Morcilla,3.62,8900.900552,32221.26,Achura,2025,10,26
2025-10-26,Chinchulin,4.765,5690.900315,27117.14,Achura,2025,10,26
2025-10-26,Morcilla vasca,0.565,9900.902655,5594.01,Achura,2025,10,26
2025-10-26,Pollo,8.42,3690.900238,31077.38,Pollo,2025,10,26
2025-10-26,Suprema,1.55,9690.903226,15020.9,Pollo,2025,10,26
2025-10-26,Paty casero,2.145,12500.0,26812.5,Carne,2025,10,26
2025-10-26,Mila de pollo,2.33,8750.901288,20389.6,Elaborados,2025,10,26
2025-10-26,Pechuga con hueso,1.11,8600.900901,9547.0,Pollo,2025,10,26
2025-10-26,Pata y Muslo,1.77,3890.898305,6886.89,Pollo,2025,10,26
2025-10-26,Oferta pata y muslo,5.94,3500.900673,20795.35,Pollo,2025,10,26
2025-10-26,Oferta bife ancho,1.99,11900.0,23681.0,Carne,2025,10,26
2025-10-26,Higado,0.73,2790.60274,2037.14,Achura,2025,10,26
2025-10-26,Molleja,2.21,21900.0,48399.0,Achura,2025,10,26
2025-10-26,Lengua,2.46,10890.0,26789.4,Achura,2025,10,26
2025-10-26,Churrasco de cerdo,2.28,13900.0,31692.0,Cerdo,2025,10,26
2025-10-26,Carbon chico,1.0,3000.0,3000.0,Almacen,2025,10,26
2025-10-26,Pategras,0.51,26300.0,13413.0,Embutidos,2025,10,26
2025-10-26,Asado orilla,1.325,11500.0,15237.5,Carne,2025,10,26
2025-10-26,Gen unitario,7.0,5357.14,37500.0,Almacen,2025,10,26
2025-10-26,Gen pesable,1.925,9741.82,18753.0,Otros,2025,10,26
